Imovel,Parcela,Aluguel,Contrato,Total Mensal
Apartamento,Mes 1,1140.00,666.67,1806.67
Apartamento,Mes 2,1140.00,666.67,1806.67
Apartamento,Mes 3,1140.00,666.67,1806.67
Apartamento,Mes 4,1140.00,0.00,1140.00
Apartamento,Mes 5,1140.00,0.00,1140.00
Apartamento,Mes 6,1140.00,0.00,1140.00
Apartamento,Mes 7,1140.00,0.00,1140.00
Apartamento,Mes 8,1140.00,0.00,1140.00
Apartamento,Mes 9,1140.00,0.00,1140.00
Apartamento,Mes 10,1140.00,0.00,1140.00
Apartamento,Mes 11,1140.00,0.00,1140.00
Apartamento,Mes 12,1140.00,0.00,1140.00
